{"0.9162": {"lambda": 0.019200000000000002, "selective_risk": 0.03710980135341629}}