{"0.9999": {"lambda": 0.019200000000000002, "selective_risk": 0.06890689068906891}}